Cluster,Recency,Frequency,Monetary
0,2.5757830839490388,1.087193291625386,6.082990971399809
1,1.91739048062764,2.4887192495747565,8.360253170020654
2,3.9668229247926337,1.5742274067521906,7.252201671635402
3,4.9968121512198955,0.8130348566367048,5.581648251779823
